{"is_source_file": true, "format": "bash", "description": "This is a shell script designed to detect and back up various types of databases (SQLite, PostgreSQL, MySQL, MongoDB). It performs checks to determine which database is running and then creates appropriate backups, saving them to files.", "external_files": ["/usr/lib/postgresql/", "/var/run/mysqld/mysqld.sock"], "external_methods": ["ls", "sudo -u postgres pg_isready", "mysqladmin ping", "mysql", "mysqldump", "mongosh", "mongodump"], "published": [], "classes": [], "methods": [], "calls": ["ls", "sudo -u postgres pg_isready", "mysqladmin ping", "mysql", "mysqldump", "mongosh", "mongodump"], "search-terms": ["backup_db.sh", "database backup", "PostgreSQL backup", "MySQL backup", "MongoDB backup", "database detection", "shell script database"], "state": 2, "file_id": 4, "knowledge_revision": 11, "git_revision": "3360643213034812d5b8bd41a34225d05c3c5351", "hash": "7af9aa35fa4940f934d83f6e2621b732", "format-version": 4, "code-base-name": "database_postgresql", "filename": "database_postgresql/backup_db.sh", "revision_history": [{"11": "3360643213034812d5b8bd41a34225d05c3c5351"}]}