{"is_source_file": true, "format": "bash", "description": "A shell script to detect and restore various types of databases (SQLite, PostgreSQL, MySQL, MongoDB) from backup files.", "external_files": ["database_backup.db", "database_backup.sql", "database_backup.archive"], "external_methods": ["pg_isready", "psql", "mysqladmin", "mysql", "mongosh", "mongorestore"], "published": [], "classes": [], "methods": [], "calls": ["ls /usr/lib/postgresql/", "sudo -u postgres ${PG_BIN}/pg_isready", "${PG_BIN}/psql", "mysqladmin ping -h localhost -P ${DB_PORT} --silent", "sudo mysqladmin ping --socket=/var/run/mysqld/mysqld.sock --silent", "mysql -h localhost -P ${DB_PORT} -u ${DB_USER} -p${DB_PASSWORD}", "mysql -h localhost -P ${DB_PORT} -u root -p${DB_PASSWORD}", "sudo mysql --socket=/var/run/mysqld/mysqld.sock", "mongosh --port ${DB_PORT} --eval \"db.adminCommand('ping')\"", "mongorestore --port ${DB_PORT} --archive=database_backup.archive --drop --quiet"], "search-terms": ["restore_db.sh", "database_restore", "PostgreSQL restore", "MySQL restore", "MongoDB restore", "backup files", "database backup"], "state": 2, "file_id": 6, "knowledge_revision": 13, "git_revision": "3360643213034812d5b8bd41a34225d05c3c5351", "hash": "67505395c0df4c9c001ab8f47571f3fb", "format-version": 4, "code-base-name": "database_postgresql", "filename": "database_postgresql/restore_db.sh", "revision_history": [{"13": "3360643213034812d5b8bd41a34225d05c3c5351"}]}