{"is_source_file": true, "format": "bash script", "description": "This file is a startup script for PostgreSQL database setup and initialization. It manages starting PostgreSQL, initializing the data directory, creating database and user, setting permissions, and saving connection info.", "external_files": ["/usr/lib/postgresql/*/bin/pg_isready", "/usr/lib/postgresql/*/bin/psql", "/usr/lib/postgresql/*/bin/initdb", "/usr/lib/postgresql/*/bin/postgres", "/var/lib/postgresql/data"], "external_methods": ["ls", "sudo -u postgres pg_isready", "sudo -u postgres psql", "sudo -u postgres initdb", "sudo -u postgres postgres", "pgrep"], "published": ["DB_NAME", "DB_USER", "DB_PASSWORD", "DB_PORT"], "classes": [], "methods": [], "calls": ["ls", "sudo -u postgres pg_isready", "sudo -u postgres psql", "sudo -u postgres initdb", "sudo -u postgres postgres", "pgrep", "sleep", "cat", "echo", "grep"], "search-terms": ["PostgreSQL", "startup script", "db_connection.txt", "pg_isready", "initdb", "createdb", "psql", "connection string", "permissions", "schema", "public schema"], "state": 2, "file_id": 5, "knowledge_revision": 14, "git_revision": "3360643213034812d5b8bd41a34225d05c3c5351", "hash": "fa2aa67ea0a7c72f7c0958282f15a864", "format-version": 4, "code-base-name": "database_postgresql", "filename": "database_postgresql/startup.sh", "revision_history": [{"14": "3360643213034812d5b8bd41a34225d05c3c5351"}]}