{"is_source_file": false, "format": "", "description": "", "external_files": [], "external_methods": [], "published": [], "classes": [], "methods": [], "calls": [], "search-terms": ["HTML", "Database Viewer", "UI", "front-end", "interactive table"], "state": 2, "file_id": 3, "knowledge_revision": 9, "git_revision": "3360643213034812d5b8bd41a34225d05c3c5351", "hash": "ee63333a4841bf025439c755a74c9881", "format-version": 4, "code-base-name": "database_postgresql", "filename": "database_postgresql/db_visualizer/public/index.html", "revision_history": [{"9": "3360643213034812d5b8bd41a34225d05c3c5351"}]}