{"is_source_file": false, "format": "", "description": "", "external_files": [], "external_methods": [], "published": [], "classes": [], "methods": [], "calls": [], "search-terms": [], "state": 2, "file_id": 7, "knowledge_revision": 12, "git_revision": "65de9ebddb3d96126bf500aebc3b3aedcd4a7cef", "hash": "5cc19a4f789df948c8bd2e3e104e3af0", "format-version": 4, "code-base-name": "database_postgresql", "filename": "README.md", "revision_history": [{"12": "65de9ebddb3d96126bf500aebc3b3aedcd4a7cef"}]}